date,repository,site,plugins
2024-04-06,awesome-neovim,codeberg.org,2
2024-04-06,awesome-neovim,git.sr.ht,6
2024-04-06,awesome-neovim,github.com,838
2024-04-06,awesome-neovim,gitlab.com,2
2024-04-06,awesome-neovim,total,848
2024-04-06,extra,codeberg.org,2
2024-04-06,extra,git.sr.ht,5
2024-04-06,extra,github.com,540
2024-04-06,extra,gitlab.com,2
2024-04-06,extra,total,549
2024-04-06,nixpkgs,git.sr.ht,3
2024-04-06,nixpkgs,github.com,1420
2024-04-06,nixpkgs,gitlab.com,2
2024-04-06,nixpkgs,total,1425
2024-04-07,awesome-neovim,codeberg.org,2
2024-04-07,awesome-neovim,git.sr.ht,6
2024-04-07,awesome-neovim,github.com,838
2024-04-07,awesome-neovim,gitlab.com,2
2024-04-07,awesome-neovim,total,848
2024-04-07,extra,codeberg.org,2
2024-04-07,extra,git.sr.ht,5
2024-04-07,extra,github.com,540
2024-04-07,extra,gitlab.com,2
2024-04-07,extra,total,549
2024-04-07,nixpkgs,git.sr.ht,3
2024-04-07,nixpkgs,github.com,1420
2024-04-07,nixpkgs,gitlab.com,2
2024-04-07,nixpkgs,total,1425
2024-04-08,awesome-neovim,codeberg.org,2
2024-04-08,awesome-neovim,git.sr.ht,6
2024-04-08,awesome-neovim,github.com,838
2024-04-08,awesome-neovim,gitlab.com,2
2024-04-08,awesome-neovim,total,848
2024-04-08,extra,codeberg.org,2
2024-04-08,extra,git.sr.ht,5
2024-04-08,extra,github.com,540
2024-04-08,extra,gitlab.com,2
2024-04-08,extra,total,549
2024-04-08,nixpkgs,git.sr.ht,3
2024-04-08,nixpkgs,github.com,1420
2024-04-08,nixpkgs,gitlab.com,2
2024-04-08,nixpkgs,total,1425
2024-04-09,awesome-neovim,codeberg.org,2
2024-04-09,awesome-neovim,git.sr.ht,6
2024-04-09,awesome-neovim,github.com,838
2024-04-09,awesome-neovim,gitlab.com,2
2024-04-09,awesome-neovim,total,848
2024-04-09,extra,codeberg.org,2
2024-04-09,extra,git.sr.ht,5
2024-04-09,extra,github.com,539
2024-04-09,extra,gitlab.com,2
2024-04-09,extra,total,548
2024-04-09,nixpkgs,git.sr.ht,3
2024-04-09,nixpkgs,github.com,1421
2024-04-09,nixpkgs,gitlab.com,2
2024-04-09,nixpkgs,total,1426
2024-04-10,awesome-neovim,codeberg.org,2
2024-04-10,awesome-neovim,git.sr.ht,6
2024-04-10,awesome-neovim,github.com,838
2024-04-10,awesome-neovim,gitlab.com,2
2024-04-10,awesome-neovim,total,848
2024-04-10,extra,codeberg.org,2
2024-04-10,extra,git.sr.ht,5
2024-04-10,extra,github.com,539
2024-04-10,extra,gitlab.com,2
2024-04-10,extra,total,548
2024-04-10,nixpkgs,git.sr.ht,3
2024-04-10,nixpkgs,github.com,1422
2024-04-10,nixpkgs,gitlab.com,2
2024-04-10,nixpkgs,total,1427
2024-04-11,awesome-neovim,codeberg.org,2
2024-04-11,awesome-neovim,git.sr.ht,6
2024-04-11,awesome-neovim,github.com,838
2024-04-11,awesome-neovim,gitlab.com,2
2024-04-11,awesome-neovim,total,848
2024-04-11,extra,codeberg.org,2
2024-04-11,extra,git.sr.ht,5
2024-04-11,extra,github.com,538
2024-04-11,extra,gitlab.com,2
2024-04-11,extra,total,547
2024-04-11,nixpkgs,git.sr.ht,3
2024-04-11,nixpkgs,github.com,1423
2024-04-11,nixpkgs,gitlab.com,2
2024-04-11,nixpkgs,total,1428
2024-04-12,awesome-neovim,codeberg.org,2
2024-04-12,awesome-neovim,git.sr.ht,6
2024-04-12,awesome-neovim,github.com,838
2024-04-12,awesome-neovim,gitlab.com,2
2024-04-12,awesome-neovim,total,848
2024-04-12,extra,codeberg.org,2
2024-04-12,extra,git.sr.ht,5
2024-04-12,extra,github.com,538
2024-04-12,extra,gitlab.com,2
2024-04-12,extra,total,547
2024-04-12,nixpkgs,git.sr.ht,3
2024-04-12,nixpkgs,github.com,1423
2024-04-12,nixpkgs,gitlab.com,2
2024-04-12,nixpkgs,total,1428
2024-04-13,awesome-neovim,codeberg.org,2
2024-04-13,awesome-neovim,git.sr.ht,6
2024-04-13,awesome-neovim,github.com,837
2024-04-13,awesome-neovim,gitlab.com,2
2024-04-13,awesome-neovim,total,847
2024-04-13,extra,codeberg.org,2
2024-04-13,extra,git.sr.ht,5
2024-04-13,extra,github.com,537
2024-04-13,extra,gitlab.com,2
2024-04-13,extra,total,546
2024-04-13,nixpkgs,git.sr.ht,3
2024-04-13,nixpkgs,github.com,1423
2024-04-13,nixpkgs,gitlab.com,2
2024-04-13,nixpkgs,total,1428
2024-04-14,awesome-neovim,codeberg.org,2
2024-04-14,awesome-neovim,git.sr.ht,6
2024-04-14,awesome-neovim,github.com,836
2024-04-14,awesome-neovim,gitlab.com,2
2024-04-14,awesome-neovim,total,846
2024-04-14,extra,codeberg.org,2
2024-04-14,extra,git.sr.ht,5
2024-04-14,extra,github.com,534
2024-04-14,extra,gitlab.com,2
2024-04-14,extra,total,543
2024-04-14,nixpkgs,git.sr.ht,3
2024-04-14,nixpkgs,github.com,1424
2024-04-14,nixpkgs,gitlab.com,2
2024-04-14,nixpkgs,total,1429
2024-04-15,awesome-neovim,codeberg.org,2
2024-04-15,awesome-neovim,git.sr.ht,6
2024-04-15,awesome-neovim,github.com,838
2024-04-15,awesome-neovim,gitlab.com,2
2024-04-15,awesome-neovim,total,848
2024-04-15,extra,codeberg.org,2
2024-04-15,extra,git.sr.ht,5
2024-04-15,extra,github.com,536
2024-04-15,extra,gitlab.com,2
2024-04-15,extra,total,545
2024-04-15,nixpkgs,git.sr.ht,3
2024-04-15,nixpkgs,github.com,1424
2024-04-15,nixpkgs,gitlab.com,2
2024-04-15,nixpkgs,total,1429
2024-04-16,awesome-neovim,codeberg.org,2
2024-04-16,awesome-neovim,git.sr.ht,6
2024-04-16,awesome-neovim,github.com,838
2024-04-16,awesome-neovim,gitlab.com,2
2024-04-16,awesome-neovim,total,848
2024-04-16,extra,codeberg.org,2
2024-04-16,extra,git.sr.ht,5
2024-04-16,extra,github.com,536
2024-04-16,extra,gitlab.com,2
2024-04-16,extra,total,545
2024-04-16,nixpkgs,git.sr.ht,3
2024-04-16,nixpkgs,github.com,1424
2024-04-16,nixpkgs,gitlab.com,2
2024-04-16,nixpkgs,total,1429
2024-04-17,awesome-neovim,codeberg.org,2
2024-04-17,awesome-neovim,git.sr.ht,6
2024-04-17,awesome-neovim,github.com,838
2024-04-17,awesome-neovim,gitlab.com,2
2024-04-17,awesome-neovim,total,848
2024-04-17,extra,codeberg.org,2
2024-04-17,extra,git.sr.ht,5
2024-04-17,extra,github.com,536
2024-04-17,extra,gitlab.com,2
2024-04-17,extra,total,545
2024-04-17,nixpkgs,git.sr.ht,3
2024-04-17,nixpkgs,github.com,1424
2024-04-17,nixpkgs,gitlab.com,2
2024-04-17,nixpkgs,total,1429
2024-04-18,awesome-neovim,codeberg.org,2
2024-04-18,awesome-neovim,git.sr.ht,6
2024-04-18,awesome-neovim,github.com,838
2024-04-18,awesome-neovim,gitlab.com,2
2024-04-18,awesome-neovim,total,848
2024-04-18,extra,codeberg.org,2
2024-04-18,extra,git.sr.ht,5
2024-04-18,extra,github.com,536
2024-04-18,extra,gitlab.com,2
2024-04-18,extra,total,545
2024-04-18,nixpkgs,git.sr.ht,3
2024-04-18,nixpkgs,github.com,1425
2024-04-18,nixpkgs,gitlab.com,2
2024-04-18,nixpkgs,total,1430
2024-04-19,awesome-neovim,codeberg.org,2
2024-04-19,awesome-neovim,git.sr.ht,6
2024-04-19,awesome-neovim,github.com,838
2024-04-19,awesome-neovim,gitlab.com,2
2024-04-19,awesome-neovim,total,848
2024-04-19,extra,codeberg.org,2
2024-04-19,extra,git.sr.ht,5
2024-04-19,extra,github.com,536
2024-04-19,extra,gitlab.com,2
2024-04-19,extra,total,545
2024-04-19,nixpkgs,git.sr.ht,3
2024-04-19,nixpkgs,github.com,1426
2024-04-19,nixpkgs,gitlab.com,2
2024-04-19,nixpkgs,total,1431
2024-04-20,awesome-neovim,codeberg.org,2
2024-04-20,awesome-neovim,git.sr.ht,6
2024-04-20,awesome-neovim,github.com,838
2024-04-20,awesome-neovim,gitlab.com,2
2024-04-20,awesome-neovim,total,848
2024-04-20,extra,codeberg.org,2
2024-04-20,extra,git.sr.ht,5
2024-04-20,extra,github.com,536
2024-04-20,extra,gitlab.com,2
2024-04-20,extra,total,545
2024-04-20,nixpkgs,git.sr.ht,3
2024-04-20,nixpkgs,github.com,1427
2024-04-20,nixpkgs,gitlab.com,2
2024-04-20,nixpkgs,total,1432
2024-04-21,awesome-neovim,codeberg.org,2
2024-04-21,awesome-neovim,git.sr.ht,6
2024-04-21,awesome-neovim,github.com,838
2024-04-21,awesome-neovim,gitlab.com,2
2024-04-21,awesome-neovim,total,848
2024-04-21,extra,codeberg.org,2
2024-04-21,extra,git.sr.ht,5
2024-04-21,extra,github.com,536
2024-04-21,extra,gitlab.com,2
2024-04-21,extra,total,545
2024-04-21,nixpkgs,git.sr.ht,3
2024-04-21,nixpkgs,github.com,1427
2024-04-21,nixpkgs,gitlab.com,2
2024-04-21,nixpkgs,total,1432
2024-04-22,awesome-neovim,codeberg.org,2
2024-04-22,awesome-neovim,git.sr.ht,6
2024-04-22,awesome-neovim,github.com,840
2024-04-22,awesome-neovim,gitlab.com,2
2024-04-22,awesome-neovim,total,850
2024-04-22,extra,codeberg.org,2
2024-04-22,extra,git.sr.ht,5
2024-04-22,extra,github.com,538
2024-04-22,extra,gitlab.com,2
2024-04-22,extra,total,547
2024-04-22,nixpkgs,git.sr.ht,3
2024-04-22,nixpkgs,github.com,1428
2024-04-22,nixpkgs,gitlab.com,2
2024-04-22,nixpkgs,total,1433
2024-04-23,awesome-neovim,codeberg.org,2
2024-04-23,awesome-neovim,git.sr.ht,6
2024-04-23,awesome-neovim,github.com,840
2024-04-23,awesome-neovim,gitlab.com,2
2024-04-23,awesome-neovim,total,850
2024-04-23,extra,codeberg.org,2
2024-04-23,extra,git.sr.ht,5
2024-04-23,extra,github.com,537
2024-04-23,extra,gitlab.com,2
2024-04-23,extra,total,546
2024-04-23,nixpkgs,git.sr.ht,3
2024-04-23,nixpkgs,github.com,1429
2024-04-23,nixpkgs,gitlab.com,2
2024-04-23,nixpkgs,total,1434
2024-04-24,awesome-neovim,codeberg.org,2
2024-04-24,awesome-neovim,git.sr.ht,6
2024-04-24,awesome-neovim,github.com,841
2024-04-24,awesome-neovim,gitlab.com,2
2024-04-24,awesome-neovim,total,851
2024-04-24,extra,codeberg.org,2
2024-04-24,extra,git.sr.ht,5
2024-04-24,extra,github.com,538
2024-04-24,extra,gitlab.com,2
2024-04-24,extra,total,547
2024-04-24,nixpkgs,git.sr.ht,3
2024-04-24,nixpkgs,github.com,1429
2024-04-24,nixpkgs,gitlab.com,2
2024-04-24,nixpkgs,total,1434
2024-04-25,awesome-neovim,codeberg.org,2
2024-04-25,awesome-neovim,git.sr.ht,6
2024-04-25,awesome-neovim,github.com,842
2024-04-25,awesome-neovim,gitlab.com,2
2024-04-25,awesome-neovim,total,852
2024-04-25,extra,codeberg.org,2
2024-04-25,extra,git.sr.ht,5
2024-04-25,extra,github.com,538
2024-04-25,extra,gitlab.com,2
2024-04-25,extra,total,547
2024-04-25,nixpkgs,git.sr.ht,3
2024-04-25,nixpkgs,github.com,1430
2024-04-25,nixpkgs,gitlab.com,2
2024-04-25,nixpkgs,total,1435
2024-04-26,awesome-neovim,codeberg.org,2
2024-04-26,awesome-neovim,git.sr.ht,6
2024-04-26,awesome-neovim,github.com,843
2024-04-26,awesome-neovim,gitlab.com,2
2024-04-26,awesome-neovim,total,853
2024-04-26,extra,codeberg.org,2
2024-04-26,extra,git.sr.ht,5
2024-04-26,extra,github.com,539
2024-04-26,extra,gitlab.com,2
2024-04-26,extra,total,548
2024-04-26,nixpkgs,git.sr.ht,3
2024-04-26,nixpkgs,github.com,1430
2024-04-26,nixpkgs,gitlab.com,2
2024-04-26,nixpkgs,total,1435
2024-04-27,awesome-neovim,codeberg.org,2
2024-04-27,awesome-neovim,git.sr.ht,6
2024-04-27,awesome-neovim,github.com,843
2024-04-27,awesome-neovim,gitlab.com,2
2024-04-27,awesome-neovim,total,853
2024-04-27,extra,codeberg.org,2
2024-04-27,extra,git.sr.ht,5
2024-04-27,extra,github.com,539
2024-04-27,extra,gitlab.com,2
2024-04-27,extra,total,548
2024-04-27,nixpkgs,git.sr.ht,3
2024-04-27,nixpkgs,github.com,1431
2024-04-27,nixpkgs,gitlab.com,2
2024-04-27,nixpkgs,total,1436
2024-04-28,awesome-neovim,codeberg.org,2
2024-04-28,awesome-neovim,git.sr.ht,6
2024-04-28,awesome-neovim,github.com,843
2024-04-28,awesome-neovim,gitlab.com,2
2024-04-28,awesome-neovim,total,853
2024-04-28,extra,codeberg.org,2
2024-04-28,extra,git.sr.ht,5
2024-04-28,extra,github.com,539
2024-04-28,extra,gitlab.com,2
2024-04-28,extra,total,548
2024-04-28,nixpkgs,git.sr.ht,3
2024-04-28,nixpkgs,github.com,1431
2024-04-28,nixpkgs,gitlab.com,2
2024-04-28,nixpkgs,total,1436
2024-04-29,awesome-neovim,codeberg.org,2
2024-04-29,awesome-neovim,git.sr.ht,6
2024-04-29,awesome-neovim,github.com,843
2024-04-29,awesome-neovim,gitlab.com,2
2024-04-29,awesome-neovim,total,853
2024-04-29,extra,codeberg.org,2
2024-04-29,extra,git.sr.ht,5
2024-04-29,extra,github.com,539
2024-04-29,extra,gitlab.com,2
2024-04-29,extra,total,548
2024-04-29,nixpkgs,git.sr.ht,3
2024-04-29,nixpkgs,github.com,1431
2024-04-29,nixpkgs,gitlab.com,2
2024-04-29,nixpkgs,total,1436
2024-04-30,awesome-neovim,codeberg.org,2
2024-04-30,awesome-neovim,git.sr.ht,6
2024-04-30,awesome-neovim,github.com,844
2024-04-30,awesome-neovim,gitlab.com,2
2024-04-30,awesome-neovim,total,854
2024-04-30,extra,codeberg.org,2
2024-04-30,extra,git.sr.ht,5
2024-04-30,extra,github.com,540
2024-04-30,extra,gitlab.com,2
2024-04-30,extra,total,549
2024-04-30,nixpkgs,git.sr.ht,3
2024-04-30,nixpkgs,github.com,1431
2024-04-30,nixpkgs,gitlab.com,2
2024-04-30,nixpkgs,total,1436
2024-05-01,awesome-neovim,codeberg.org,2
2024-05-01,awesome-neovim,git.sr.ht,6
2024-05-01,awesome-neovim,github.com,845
2024-05-01,awesome-neovim,gitlab.com,2
2024-05-01,awesome-neovim,total,855
2024-05-01,extra,codeberg.org,2
2024-05-01,extra,git.sr.ht,5
2024-05-01,extra,github.com,541
2024-05-01,extra,gitlab.com,2
2024-05-01,extra,total,550
2024-05-01,nixpkgs,git.sr.ht,3
2024-05-01,nixpkgs,github.com,1432
2024-05-01,nixpkgs,gitlab.com,2
2024-05-01,nixpkgs,total,1437
2024-05-02,awesome-neovim,codeberg.org,2
2024-05-02,awesome-neovim,git.sr.ht,6
2024-05-02,awesome-neovim,github.com,845
2024-05-02,awesome-neovim,gitlab.com,2
2024-05-02,awesome-neovim,total,855
2024-05-02,extra,codeberg.org,2
2024-05-02,extra,git.sr.ht,5
2024-05-02,extra,github.com,541
2024-05-02,extra,gitlab.com,2
2024-05-02,extra,total,550
2024-05-02,nixpkgs,git.sr.ht,3
2024-05-02,nixpkgs,github.com,1432
2024-05-02,nixpkgs,gitlab.com,2
2024-05-02,nixpkgs,total,1437
2024-05-03,awesome-neovim,codeberg.org,2
2024-05-03,awesome-neovim,git.sr.ht,6
2024-05-03,awesome-neovim,github.com,845
2024-05-03,awesome-neovim,gitlab.com,2
2024-05-03,awesome-neovim,total,855
2024-05-03,extra,codeberg.org,2
2024-05-03,extra,git.sr.ht,5
2024-05-03,extra,github.com,541
2024-05-03,extra,gitlab.com,2
2024-05-03,extra,total,550
2024-05-03,nixpkgs,git.sr.ht,3
2024-05-03,nixpkgs,github.com,1432
2024-05-03,nixpkgs,gitlab.com,2
2024-05-03,nixpkgs,total,1437
2024-05-04,awesome-neovim,codeberg.org,2
2024-05-04,awesome-neovim,git.sr.ht,6
2024-05-04,awesome-neovim,github.com,845
2024-05-04,awesome-neovim,gitlab.com,2
2024-05-04,awesome-neovim,total,855
2024-05-04,extra,codeberg.org,2
2024-05-04,extra,git.sr.ht,5
2024-05-04,extra,github.com,541
2024-05-04,extra,gitlab.com,2
2024-05-04,extra,total,550
2024-05-04,nixpkgs,git.sr.ht,3
2024-05-04,nixpkgs,github.com,1433
2024-05-04,nixpkgs,gitlab.com,2
2024-05-04,nixpkgs,total,1438
2024-05-05,awesome-neovim,codeberg.org,2
2024-05-05,awesome-neovim,git.sr.ht,6
2024-05-05,awesome-neovim,github.com,846
2024-05-05,awesome-neovim,gitlab.com,2
2024-05-05,awesome-neovim,total,856
2024-05-05,extra,codeberg.org,2
2024-05-05,extra,git.sr.ht,5
2024-05-05,extra,github.com,542
2024-05-05,extra,gitlab.com,2
2024-05-05,extra,total,551
2024-05-05,nixpkgs,git.sr.ht,3
2024-05-05,nixpkgs,github.com,1433
2024-05-05,nixpkgs,gitlab.com,2
2024-05-05,nixpkgs,total,1438
2024-05-06,awesome-neovim,codeberg.org,2
2024-05-06,awesome-neovim,git.sr.ht,6
2024-05-06,awesome-neovim,github.com,846
2024-05-06,awesome-neovim,gitlab.com,2
2024-05-06,awesome-neovim,total,856
2024-05-06,extra,codeberg.org,2
2024-05-06,extra,git.sr.ht,5
2024-05-06,extra,github.com,542
2024-05-06,extra,gitlab.com,2
2024-05-06,extra,total,551
2024-05-06,nixpkgs,git.sr.ht,3
2024-05-06,nixpkgs,github.com,1433
2024-05-06,nixpkgs,gitlab.com,2
2024-05-06,nixpkgs,total,1438
2024-05-07,awesome-neovim,codeberg.org,2
2024-05-07,awesome-neovim,git.sr.ht,6
2024-05-07,awesome-neovim,github.com,847
2024-05-07,awesome-neovim,gitlab.com,2
2024-05-07,awesome-neovim,total,857
2024-05-07,extra,codeberg.org,2
2024-05-07,extra,git.sr.ht,5
2024-05-07,extra,github.com,542
2024-05-07,extra,gitlab.com,2
2024-05-07,extra,total,551
2024-05-07,nixpkgs,git.sr.ht,3
2024-05-07,nixpkgs,github.com,1433
2024-05-07,nixpkgs,gitlab.com,2
2024-05-07,nixpkgs,total,1438
2024-05-08,awesome-neovim,codeberg.org,2
2024-05-08,awesome-neovim,git.sr.ht,6
2024-05-08,awesome-neovim,github.com,847
2024-05-08,awesome-neovim,gitlab.com,2
2024-05-08,awesome-neovim,total,857
2024-05-08,extra,codeberg.org,2
2024-05-08,extra,git.sr.ht,5
2024-05-08,extra,github.com,542
2024-05-08,extra,gitlab.com,2
2024-05-08,extra,total,551
2024-05-08,nixpkgs,git.sr.ht,3
2024-05-08,nixpkgs,github.com,1433
2024-05-08,nixpkgs,gitlab.com,2
2024-05-08,nixpkgs,total,1438
2024-05-09,awesome-neovim,codeberg.org,2
2024-05-09,awesome-neovim,git.sr.ht,6
2024-05-09,awesome-neovim,github.com,847
2024-05-09,awesome-neovim,gitlab.com,2
2024-05-09,awesome-neovim,total,857
2024-05-09,extra,codeberg.org,2
2024-05-09,extra,git.sr.ht,5
2024-05-09,extra,github.com,543
2024-05-09,extra,gitlab.com,2
2024-05-09,extra,total,552
2024-05-09,nixpkgs,git.sr.ht,3
2024-05-09,nixpkgs,github.com,1433
2024-05-09,nixpkgs,gitlab.com,2
2024-05-09,nixpkgs,total,1438
2024-05-10,awesome-neovim,codeberg.org,2
2024-05-10,awesome-neovim,git.sr.ht,6
2024-05-10,awesome-neovim,github.com,847
2024-05-10,awesome-neovim,gitlab.com,2
2024-05-10,awesome-neovim,total,857
2024-05-10,extra,codeberg.org,2
2024-05-10,extra,git.sr.ht,5
2024-05-10,extra,github.com,543
2024-05-10,extra,gitlab.com,2
2024-05-10,extra,total,552
2024-05-10,nixpkgs,git.sr.ht,3
2024-05-10,nixpkgs,github.com,1433
2024-05-10,nixpkgs,gitlab.com,2
2024-05-10,nixpkgs,total,1438
2024-05-11,awesome-neovim,codeberg.org,2
2024-05-11,awesome-neovim,git.sr.ht,6
2024-05-11,awesome-neovim,github.com,847
2024-05-11,awesome-neovim,gitlab.com,2
2024-05-11,awesome-neovim,total,857
2024-05-11,extra,codeberg.org,2
2024-05-11,extra,git.sr.ht,5
2024-05-11,extra,github.com,543
2024-05-11,extra,gitlab.com,2
2024-05-11,extra,total,552
2024-05-11,nixpkgs,git.sr.ht,3
2024-05-11,nixpkgs,github.com,1433
2024-05-11,nixpkgs,gitlab.com,2
2024-05-11,nixpkgs,total,1438
2024-05-12,awesome-neovim,codeberg.org,2
2024-05-12,awesome-neovim,git.sr.ht,6
2024-05-12,awesome-neovim,github.com,847
2024-05-12,awesome-neovim,gitlab.com,2
2024-05-12,awesome-neovim,total,857
2024-05-12,extra,codeberg.org,2
2024-05-12,extra,git.sr.ht,5
2024-05-12,extra,github.com,543
2024-05-12,extra,gitlab.com,2
2024-05-12,extra,total,552
2024-05-12,nixpkgs,git.sr.ht,3
2024-05-12,nixpkgs,github.com,1433
2024-05-12,nixpkgs,gitlab.com,2
2024-05-12,nixpkgs,total,1438
2024-05-13,awesome-neovim,codeberg.org,2
2024-05-13,awesome-neovim,git.sr.ht,6
2024-05-13,awesome-neovim,github.com,847
2024-05-13,awesome-neovim,gitlab.com,2
2024-05-13,awesome-neovim,total,857
2024-05-13,extra,codeberg.org,2
2024-05-13,extra,git.sr.ht,5
2024-05-13,extra,github.com,543
2024-05-13,extra,gitlab.com,2
2024-05-13,extra,total,552
2024-05-13,nixpkgs,git.sr.ht,3
2024-05-13,nixpkgs,github.com,1434
2024-05-13,nixpkgs,gitlab.com,2
2024-05-13,nixpkgs,total,1439
2024-05-14,awesome-neovim,codeberg.org,2
2024-05-14,awesome-neovim,git.sr.ht,6
2024-05-14,awesome-neovim,github.com,847
2024-05-14,awesome-neovim,gitlab.com,2
2024-05-14,awesome-neovim,total,857
2024-05-14,extra,codeberg.org,2
2024-05-14,extra,git.sr.ht,5
2024-05-14,extra,github.com,543
2024-05-14,extra,gitlab.com,2
2024-05-14,extra,total,552
2024-05-14,nixpkgs,git.sr.ht,3
2024-05-14,nixpkgs,github.com,1434
2024-05-14,nixpkgs,gitlab.com,2
2024-05-14,nixpkgs,total,1439
2024-05-15,awesome-neovim,codeberg.org,2
2024-05-15,awesome-neovim,git.sr.ht,6
2024-05-15,awesome-neovim,github.com,847
2024-05-15,awesome-neovim,gitlab.com,2
2024-05-15,awesome-neovim,total,857
2024-05-15,extra,codeberg.org,2
2024-05-15,extra,git.sr.ht,5
2024-05-15,extra,github.com,543
2024-05-15,extra,gitlab.com,2
2024-05-15,extra,total,552
2024-05-15,nixpkgs,git.sr.ht,3
2024-05-15,nixpkgs,github.com,1434
2024-05-15,nixpkgs,gitlab.com,2
2024-05-15,nixpkgs,total,1439
2024-05-16,awesome-neovim,codeberg.org,2
2024-05-16,awesome-neovim,git.sr.ht,6
2024-05-16,awesome-neovim,github.com,847
2024-05-16,awesome-neovim,gitlab.com,2
2024-05-16,awesome-neovim,total,857
2024-05-16,extra,codeberg.org,2
2024-05-16,extra,git.sr.ht,5
2024-05-16,extra,github.com,543
2024-05-16,extra,gitlab.com,2
2024-05-16,extra,total,552
2024-05-16,nixpkgs,git.sr.ht,3
2024-05-16,nixpkgs,github.com,1434
2024-05-16,nixpkgs,gitlab.com,2
2024-05-16,nixpkgs,total,1439
2024-05-17,awesome-neovim,codeberg.org,2
2024-05-17,awesome-neovim,git.sr.ht,6
2024-05-17,awesome-neovim,github.com,847
2024-05-17,awesome-neovim,gitlab.com,2
2024-05-17,awesome-neovim,total,857
2024-05-17,extra,codeberg.org,2
2024-05-17,extra,git.sr.ht,5
2024-05-17,extra,github.com,542
2024-05-17,extra,gitlab.com,2
2024-05-17,extra,total,551
2024-05-17,nixpkgs,git.sr.ht,3
2024-05-17,nixpkgs,github.com,1435
2024-05-17,nixpkgs,gitlab.com,2
2024-05-17,nixpkgs,total,1440
2024-05-18,awesome-neovim,codeberg.org,2
2024-05-18,awesome-neovim,git.sr.ht,6
2024-05-18,awesome-neovim,github.com,847
2024-05-18,awesome-neovim,gitlab.com,2
2024-05-18,awesome-neovim,total,857
2024-05-18,extra,codeberg.org,2
2024-05-18,extra,git.sr.ht,5
2024-05-18,extra,github.com,542
2024-05-18,extra,gitlab.com,2
2024-05-18,extra,total,551
2024-05-18,nixpkgs,git.sr.ht,3
2024-05-18,nixpkgs,github.com,1435
2024-05-18,nixpkgs,gitlab.com,2
2024-05-18,nixpkgs,total,1440
2024-05-19,awesome-neovim,codeberg.org,2
2024-05-19,awesome-neovim,git.sr.ht,6
2024-05-19,awesome-neovim,github.com,847
2024-05-19,awesome-neovim,gitlab.com,2
2024-05-19,awesome-neovim,total,857
2024-05-19,extra,codeberg.org,2
2024-05-19,extra,git.sr.ht,5
2024-05-19,extra,github.com,542
2024-05-19,extra,gitlab.com,2
2024-05-19,extra,total,551
2024-05-19,nixpkgs,git.sr.ht,3
2024-05-19,nixpkgs,github.com,1435
2024-05-19,nixpkgs,gitlab.com,2
2024-05-19,nixpkgs,total,1440
2024-05-20,awesome-neovim,codeberg.org,2
2024-05-20,awesome-neovim,git.sr.ht,6
2024-05-20,awesome-neovim,github.com,852
2024-05-20,awesome-neovim,gitlab.com,2
2024-05-20,awesome-neovim,total,862
2024-05-20,extra,codeberg.org,2
2024-05-20,extra,git.sr.ht,5
2024-05-20,extra,github.com,548
2024-05-20,extra,gitlab.com,2
2024-05-20,extra,total,557
2024-05-20,nixpkgs,git.sr.ht,3
2024-05-20,nixpkgs,github.com,1436
2024-05-20,nixpkgs,gitlab.com,2
2024-05-20,nixpkgs,total,1441
2024-05-21,awesome-neovim,codeberg.org,2
2024-05-21,awesome-neovim,git.sr.ht,6
2024-05-21,awesome-neovim,github.com,854
2024-05-21,awesome-neovim,gitlab.com,2
2024-05-21,awesome-neovim,total,864
2024-05-21,extra,codeberg.org,2
2024-05-21,extra,git.sr.ht,5
2024-05-21,extra,github.com,550
2024-05-21,extra,gitlab.com,2
2024-05-21,extra,total,559
2024-05-21,nixpkgs,git.sr.ht,3
2024-05-21,nixpkgs,github.com,1436
2024-05-21,nixpkgs,gitlab.com,2
2024-05-21,nixpkgs,total,1441
2024-05-22,awesome-neovim,codeberg.org,2
2024-05-22,awesome-neovim,git.sr.ht,6
2024-05-22,awesome-neovim,github.com,856
2024-05-22,awesome-neovim,gitlab.com,2
2024-05-22,awesome-neovim,total,866
2024-05-22,extra,codeberg.org,2
2024-05-22,extra,git.sr.ht,5
2024-05-22,extra,github.com,552
2024-05-22,extra,gitlab.com,2
2024-05-22,extra,total,561
2024-05-22,nixpkgs,git.sr.ht,3
2024-05-22,nixpkgs,github.com,1436
2024-05-22,nixpkgs,gitlab.com,2
2024-05-22,nixpkgs,total,1441
2024-05-23,awesome-neovim,codeberg.org,2
2024-05-23,awesome-neovim,git.sr.ht,6
2024-05-23,awesome-neovim,github.com,857
2024-05-23,awesome-neovim,gitlab.com,2
2024-05-23,awesome-neovim,total,867
2024-05-23,extra,codeberg.org,2
2024-05-23,extra,git.sr.ht,5
2024-05-23,extra,github.com,553
2024-05-23,extra,gitlab.com,2
2024-05-23,extra,total,562
2024-05-23,nixpkgs,git.sr.ht,3
2024-05-23,nixpkgs,github.com,1436
2024-05-23,nixpkgs,gitlab.com,2
2024-05-23,nixpkgs,total,1441
2024-05-24,awesome-neovim,codeberg.org,2
2024-05-24,awesome-neovim,git.sr.ht,6
2024-05-24,awesome-neovim,github.com,857
2024-05-24,awesome-neovim,gitlab.com,2
2024-05-24,awesome-neovim,total,867
2024-05-24,extra,codeberg.org,2
2024-05-24,extra,git.sr.ht,5
2024-05-24,extra,github.com,552
2024-05-24,extra,gitlab.com,2
2024-05-24,extra,total,561
2024-05-24,nixpkgs,git.sr.ht,3
2024-05-24,nixpkgs,github.com,1437
2024-05-24,nixpkgs,gitlab.com,2
2024-05-24,nixpkgs,total,1442
2024-05-25,awesome-neovim,codeberg.org,2
2024-05-25,awesome-neovim,git.sr.ht,6
2024-05-25,awesome-neovim,github.com,858
2024-05-25,awesome-neovim,gitlab.com,2
2024-05-25,awesome-neovim,total,868
2024-05-25,extra,codeberg.org,2
2024-05-25,extra,git.sr.ht,5
2024-05-25,extra,github.com,553
2024-05-25,extra,gitlab.com,2
2024-05-25,extra,total,562
2024-05-25,nixpkgs,git.sr.ht,3
2024-05-25,nixpkgs,github.com,1438
2024-05-25,nixpkgs,gitlab.com,2
2024-05-25,nixpkgs,total,1443
2024-05-26,awesome-neovim,codeberg.org,2
2024-05-26,awesome-neovim,git.sr.ht,6
2024-05-26,awesome-neovim,github.com,858
2024-05-26,awesome-neovim,gitlab.com,2
2024-05-26,awesome-neovim,total,868
2024-05-26,extra,codeberg.org,2
2024-05-26,extra,git.sr.ht,5
2024-05-26,extra,github.com,553
2024-05-26,extra,gitlab.com,2
2024-05-26,extra,total,562
2024-05-26,nixpkgs,git.sr.ht,3
2024-05-26,nixpkgs,github.com,1438
2024-05-26,nixpkgs,gitlab.com,2
2024-05-26,nixpkgs,total,1443
2024-05-27,awesome-neovim,codeberg.org,2
2024-05-27,awesome-neovim,git.sr.ht,6
2024-05-27,awesome-neovim,github.com,857
2024-05-27,awesome-neovim,gitlab.com,2
2024-05-27,awesome-neovim,total,867
2024-05-27,extra,codeberg.org,2
2024-05-27,extra,git.sr.ht,5
2024-05-27,extra,github.com,552
2024-05-27,extra,gitlab.com,2
2024-05-27,extra,total,561
2024-05-27,nixpkgs,git.sr.ht,3
2024-05-27,nixpkgs,github.com,1438
2024-05-27,nixpkgs,gitlab.com,2
2024-05-27,nixpkgs,total,1443
2024-05-28,awesome-neovim,codeberg.org,2
2024-05-28,awesome-neovim,git.sr.ht,6
2024-05-28,awesome-neovim,github.com,857
2024-05-28,awesome-neovim,gitlab.com,2
2024-05-28,awesome-neovim,total,867
2024-05-28,extra,codeberg.org,2
2024-05-28,extra,git.sr.ht,5
2024-05-28,extra,github.com,552
2024-05-28,extra,gitlab.com,2
2024-05-28,extra,total,561
2024-05-28,nixpkgs,git.sr.ht,3
2024-05-28,nixpkgs,github.com,1438
2024-05-28,nixpkgs,gitlab.com,2
2024-05-28,nixpkgs,total,1443
2024-05-29,awesome-neovim,codeberg.org,2
2024-05-29,awesome-neovim,git.sr.ht,6
2024-05-29,awesome-neovim,github.com,857
2024-05-29,awesome-neovim,gitlab.com,2
2024-05-29,awesome-neovim,total,867
2024-05-29,extra,codeberg.org,2
2024-05-29,extra,git.sr.ht,5
2024-05-29,extra,github.com,552
2024-05-29,extra,gitlab.com,2
2024-05-29,extra,total,561
2024-05-29,nixpkgs,codeberg.org,1
2024-05-29,nixpkgs,git.sr.ht,3
2024-05-29,nixpkgs,github.com,1437
2024-05-29,nixpkgs,gitlab.com,2
2024-05-29,nixpkgs,total,1443
2024-05-31,awesome-neovim,codeberg.org,2
2024-05-31,awesome-neovim,git.sr.ht,6
2024-05-31,awesome-neovim,github.com,859
2024-05-31,awesome-neovim,gitlab.com,2
2024-05-31,awesome-neovim,total,869
2024-05-31,extra,codeberg.org,2
2024-05-31,extra,git.sr.ht,5
2024-05-31,extra,github.com,553
2024-05-31,extra,gitlab.com,2
2024-05-31,extra,total,562
2024-05-31,nixpkgs,codeberg.org,1
2024-05-31,nixpkgs,git.sr.ht,3
2024-05-31,nixpkgs,github.com,1438
2024-05-31,nixpkgs,gitlab.com,2
2024-05-31,nixpkgs,total,1444
2024-06-01,awesome-neovim,codeberg.org,2
2024-06-01,awesome-neovim,git.sr.ht,6
2024-06-01,awesome-neovim,github.com,859
2024-06-01,awesome-neovim,gitlab.com,2
2024-06-01,awesome-neovim,total,869
2024-06-01,extra,codeberg.org,2
2024-06-01,extra,git.sr.ht,5
2024-06-01,extra,github.com,553
2024-06-01,extra,gitlab.com,2
2024-06-01,extra,total,562
2024-06-01,nixpkgs,codeberg.org,1
2024-06-01,nixpkgs,git.sr.ht,3
2024-06-01,nixpkgs,github.com,1438
2024-06-01,nixpkgs,gitlab.com,2
2024-06-01,nixpkgs,total,1444
2024-06-02,awesome-neovim,codeberg.org,2
2024-06-02,awesome-neovim,git.sr.ht,6
2024-06-02,awesome-neovim,github.com,860
2024-06-02,awesome-neovim,gitlab.com,2
2024-06-02,awesome-neovim,total,870
2024-06-02,extra,codeberg.org,2
2024-06-02,extra,git.sr.ht,5
2024-06-02,extra,github.com,554
2024-06-02,extra,gitlab.com,2
2024-06-02,extra,total,563
2024-06-02,nixpkgs,codeberg.org,1
2024-06-02,nixpkgs,git.sr.ht,3
2024-06-02,nixpkgs,github.com,1438
2024-06-02,nixpkgs,gitlab.com,2
2024-06-02,nixpkgs,total,1444
2024-06-03,awesome-neovim,codeberg.org,2
2024-06-03,awesome-neovim,git.sr.ht,6
2024-06-03,awesome-neovim,github.com,860
2024-06-03,awesome-neovim,gitlab.com,2
2024-06-03,awesome-neovim,total,870
2024-06-03,extra,codeberg.org,2
2024-06-03,extra,git.sr.ht,5
2024-06-03,extra,github.com,554
2024-06-03,extra,gitlab.com,2
2024-06-03,extra,total,563
2024-06-03,nixpkgs,codeberg.org,1
2024-06-03,nixpkgs,git.sr.ht,3
2024-06-03,nixpkgs,github.com,1438
2024-06-03,nixpkgs,gitlab.com,2
2024-06-03,nixpkgs,total,1444
2024-06-04,awesome-neovim,codeberg.org,2
2024-06-04,awesome-neovim,git.sr.ht,6
2024-06-04,awesome-neovim,github.com,860
2024-06-04,awesome-neovim,gitlab.com,2
2024-06-04,awesome-neovim,total,870
2024-06-04,extra,codeberg.org,2
2024-06-04,extra,git.sr.ht,5
2024-06-04,extra,github.com,554
2024-06-04,extra,gitlab.com,2
2024-06-04,extra,total,563
2024-06-04,nixpkgs,codeberg.org,1
2024-06-04,nixpkgs,git.sr.ht,3
2024-06-04,nixpkgs,github.com,1439
2024-06-04,nixpkgs,gitlab.com,2
2024-06-04,nixpkgs,total,1445
2024-06-05,awesome-neovim,codeberg.org,2
2024-06-05,awesome-neovim,git.sr.ht,6
2024-06-05,awesome-neovim,github.com,861
2024-06-05,awesome-neovim,gitlab.com,2
2024-06-05,awesome-neovim,total,871
2024-06-05,extra,codeberg.org,2
2024-06-05,extra,git.sr.ht,5
2024-06-05,extra,github.com,555
2024-06-05,extra,gitlab.com,2
2024-06-05,extra,total,564
2024-06-05,nixpkgs,codeberg.org,1
2024-06-05,nixpkgs,git.sr.ht,3
2024-06-05,nixpkgs,github.com,1439
2024-06-05,nixpkgs,gitlab.com,2
2024-06-05,nixpkgs,total,1445
2024-06-06,awesome-neovim,codeberg.org,2
2024-06-06,awesome-neovim,git.sr.ht,6
2024-06-06,awesome-neovim,github.com,861
2024-06-06,awesome-neovim,gitlab.com,2
2024-06-06,awesome-neovim,total,871
2024-06-06,extra,codeberg.org,2
2024-06-06,extra,git.sr.ht,5
2024-06-06,extra,github.com,555
2024-06-06,extra,gitlab.com,2
2024-06-06,extra,total,564
2024-06-06,nixpkgs,codeberg.org,1
2024-06-06,nixpkgs,git.sr.ht,3
2024-06-06,nixpkgs,github.com,1440
2024-06-06,nixpkgs,gitlab.com,2
2024-06-06,nixpkgs,total,1446
2024-06-07,awesome-neovim,codeberg.org,2
2024-06-07,awesome-neovim,git.sr.ht,6
2024-06-07,awesome-neovim,github.com,861
2024-06-07,awesome-neovim,gitlab.com,2
2024-06-07,awesome-neovim,total,871
2024-06-07,extra,codeberg.org,2
2024-06-07,extra,git.sr.ht,5
2024-06-07,extra,github.com,555
2024-06-07,extra,gitlab.com,2
2024-06-07,extra,total,564
2024-06-07,nixpkgs,codeberg.org,1
2024-06-07,nixpkgs,git.sr.ht,3
2024-06-07,nixpkgs,github.com,1440
2024-06-07,nixpkgs,gitlab.com,2
2024-06-07,nixpkgs,total,1446
2024-06-08,awesome-neovim,codeberg.org,2
2024-06-08,awesome-neovim,git.sr.ht,6
2024-06-08,awesome-neovim,github.com,861
2024-06-08,awesome-neovim,gitlab.com,2
2024-06-08,awesome-neovim,total,871
2024-06-08,extra,codeberg.org,2
2024-06-08,extra,git.sr.ht,5
2024-06-08,extra,github.com,555
2024-06-08,extra,gitlab.com,2
2024-06-08,extra,total,564
2024-06-08,nixpkgs,codeberg.org,1
2024-06-08,nixpkgs,git.sr.ht,3
2024-06-08,nixpkgs,github.com,1440
2024-06-08,nixpkgs,gitlab.com,2
2024-06-08,nixpkgs,total,1446
2024-06-09,awesome-neovim,codeberg.org,2
2024-06-09,awesome-neovim,git.sr.ht,6
2024-06-09,awesome-neovim,github.com,861
2024-06-09,awesome-neovim,gitlab.com,2
2024-06-09,awesome-neovim,total,871
2024-06-09,extra,codeberg.org,2
2024-06-09,extra,git.sr.ht,5
2024-06-09,extra,github.com,554
2024-06-09,extra,gitlab.com,2
2024-06-09,extra,total,563
2024-06-09,nixpkgs,codeberg.org,1
2024-06-09,nixpkgs,git.sr.ht,3
2024-06-09,nixpkgs,github.com,1441
2024-06-09,nixpkgs,gitlab.com,2
2024-06-09,nixpkgs,total,1447
2024-06-10,awesome-neovim,codeberg.org,2
2024-06-10,awesome-neovim,git.sr.ht,6
2024-06-10,awesome-neovim,github.com,861
2024-06-10,awesome-neovim,gitlab.com,2
2024-06-10,awesome-neovim,total,871
2024-06-10,extra,codeberg.org,2
2024-06-10,extra,git.sr.ht,5
2024-06-10,extra,github.com,554
2024-06-10,extra,gitlab.com,2
2024-06-10,extra,total,563
2024-06-10,nixpkgs,codeberg.org,1
2024-06-10,nixpkgs,git.sr.ht,3
2024-06-10,nixpkgs,github.com,1441
2024-06-10,nixpkgs,gitlab.com,2
2024-06-10,nixpkgs,total,1447
2024-06-11,awesome-neovim,codeberg.org,2
2024-06-11,awesome-neovim,git.sr.ht,6
2024-06-11,awesome-neovim,github.com,862
2024-06-11,awesome-neovim,gitlab.com,2
2024-06-11,awesome-neovim,total,872
2024-06-11,extra,codeberg.org,2
2024-06-11,extra,git.sr.ht,5
2024-06-11,extra,github.com,555
2024-06-11,extra,gitlab.com,2
2024-06-11,extra,total,564
2024-06-11,nixpkgs,codeberg.org,1
2024-06-11,nixpkgs,git.sr.ht,3
2024-06-11,nixpkgs,github.com,1442
2024-06-11,nixpkgs,gitlab.com,2
2024-06-11,nixpkgs,total,1448
2024-06-12,awesome-neovim,codeberg.org,2
2024-06-12,awesome-neovim,git.sr.ht,6
2024-06-12,awesome-neovim,github.com,864
2024-06-12,awesome-neovim,gitlab.com,2
2024-06-12,awesome-neovim,total,874
2024-06-12,extra,codeberg.org,2
2024-06-12,extra,git.sr.ht,5
2024-06-12,extra,github.com,557
2024-06-12,extra,gitlab.com,2
2024-06-12,extra,total,566
2024-06-12,nixpkgs,codeberg.org,1
2024-06-12,nixpkgs,git.sr.ht,3
2024-06-12,nixpkgs,github.com,1442
2024-06-12,nixpkgs,gitlab.com,2
2024-06-12,nixpkgs,total,1448
2024-06-13,awesome-neovim,codeberg.org,2
2024-06-13,awesome-neovim,git.sr.ht,6
2024-06-13,awesome-neovim,github.com,864
2024-06-13,awesome-neovim,gitlab.com,2
2024-06-13,awesome-neovim,total,874
2024-06-13,extra,codeberg.org,2
2024-06-13,extra,git.sr.ht,5
2024-06-13,extra,github.com,557
2024-06-13,extra,gitlab.com,2
2024-06-13,extra,total,566
2024-06-13,nixpkgs,codeberg.org,1
2024-06-13,nixpkgs,git.sr.ht,3
2024-06-13,nixpkgs,github.com,1442
2024-06-13,nixpkgs,gitlab.com,2
2024-06-13,nixpkgs,total,1448
2024-06-14,awesome-neovim,codeberg.org,2
2024-06-14,awesome-neovim,git.sr.ht,6
2024-06-14,awesome-neovim,github.com,865
2024-06-14,awesome-neovim,gitlab.com,2
2024-06-14,awesome-neovim,total,875
2024-06-14,extra,codeberg.org,2
2024-06-14,extra,git.sr.ht,5
2024-06-14,extra,github.com,558
2024-06-14,extra,gitlab.com,2
2024-06-14,extra,total,567
2024-06-14,nixpkgs,codeberg.org,1
2024-06-14,nixpkgs,git.sr.ht,3
2024-06-14,nixpkgs,github.com,1445
2024-06-14,nixpkgs,gitlab.com,2
2024-06-14,nixpkgs,total,1451
2024-06-15,awesome-neovim,codeberg.org,2
2024-06-15,awesome-neovim,git.sr.ht,6
2024-06-15,awesome-neovim,github.com,865
2024-06-15,awesome-neovim,gitlab.com,2
2024-06-15,awesome-neovim,total,875
2024-06-15,extra,codeberg.org,2
2024-06-15,extra,git.sr.ht,5
2024-06-15,extra,github.com,558
2024-06-15,extra,gitlab.com,2
2024-06-15,extra,total,567
2024-06-15,nixpkgs,codeberg.org,1
2024-06-15,nixpkgs,git.sr.ht,3
2024-06-15,nixpkgs,github.com,1445
2024-06-15,nixpkgs,gitlab.com,2
2024-06-15,nixpkgs,total,1451
2024-06-16,awesome-neovim,codeberg.org,2
2024-06-16,awesome-neovim,git.sr.ht,6
2024-06-16,awesome-neovim,github.com,865
2024-06-16,awesome-neovim,gitlab.com,2
2024-06-16,awesome-neovim,total,875
2024-06-16,extra,codeberg.org,2
2024-06-16,extra,git.sr.ht,5
2024-06-16,extra,github.com,558
2024-06-16,extra,gitlab.com,2
2024-06-16,extra,total,567
2024-06-16,nixpkgs,codeberg.org,1
2024-06-16,nixpkgs,git.sr.ht,3
2024-06-16,nixpkgs,github.com,1445
2024-06-16,nixpkgs,gitlab.com,2
2024-06-16,nixpkgs,total,1451
2024-06-17,awesome-neovim,codeberg.org,2
2024-06-17,awesome-neovim,git.sr.ht,6
2024-06-17,awesome-neovim,github.com,866
2024-06-17,awesome-neovim,gitlab.com,2
2024-06-17,awesome-neovim,total,876
2024-06-17,extra,codeberg.org,2
2024-06-17,extra,git.sr.ht,5
2024-06-17,extra,github.com,557
2024-06-17,extra,gitlab.com,2
2024-06-17,extra,total,566
2024-06-17,nixpkgs,codeberg.org,1
2024-06-17,nixpkgs,git.sr.ht,3
2024-06-17,nixpkgs,github.com,1447
2024-06-17,nixpkgs,gitlab.com,2
2024-06-17,nixpkgs,total,1453
2024-06-18,awesome-neovim,codeberg.org,2
2024-06-18,awesome-neovim,git.sr.ht,6
2024-06-18,awesome-neovim,github.com,866
2024-06-18,awesome-neovim,gitlab.com,2
2024-06-18,awesome-neovim,total,876
2024-06-18,extra,codeberg.org,2
2024-06-18,extra,git.sr.ht,5
2024-06-18,extra,github.com,557
2024-06-18,extra,gitlab.com,2
2024-06-18,extra,total,566
2024-06-18,nixpkgs,codeberg.org,1
2024-06-18,nixpkgs,git.sr.ht,3
2024-06-18,nixpkgs,github.com,1448
2024-06-18,nixpkgs,gitlab.com,2
2024-06-18,nixpkgs,total,1454
2024-06-19,awesome-neovim,codeberg.org,2
2024-06-19,awesome-neovim,git.sr.ht,6
2024-06-19,awesome-neovim,github.com,866
2024-06-19,awesome-neovim,gitlab.com,2
2024-06-19,awesome-neovim,total,876
2024-06-19,extra,codeberg.org,2
2024-06-19,extra,git.sr.ht,5
2024-06-19,extra,github.com,557
2024-06-19,extra,gitlab.com,2
2024-06-19,extra,total,566
2024-06-19,nixpkgs,codeberg.org,1
2024-06-19,nixpkgs,git.sr.ht,3
2024-06-19,nixpkgs,github.com,1449
2024-06-19,nixpkgs,gitlab.com,2
2024-06-19,nixpkgs,total,1455
2024-06-20,awesome-neovim,codeberg.org,2
2024-06-20,awesome-neovim,git.sr.ht,6
2024-06-20,awesome-neovim,github.com,869
2024-06-20,awesome-neovim,gitlab.com,2
2024-06-20,awesome-neovim,total,879
2024-06-20,extra,codeberg.org,2
2024-06-20,extra,git.sr.ht,5
2024-06-20,extra,github.com,560
2024-06-20,extra,gitlab.com,2
2024-06-20,extra,total,569
2024-06-20,nixpkgs,codeberg.org,1
2024-06-20,nixpkgs,git.sr.ht,3
2024-06-20,nixpkgs,github.com,1449
2024-06-20,nixpkgs,gitlab.com,2
2024-06-20,nixpkgs,total,1455
2024-06-21,awesome-neovim,codeberg.org,2
2024-06-21,awesome-neovim,git.sr.ht,6
2024-06-21,awesome-neovim,github.com,869
2024-06-21,awesome-neovim,gitlab.com,2
2024-06-21,awesome-neovim,total,879
2024-06-21,extra,codeberg.org,2
2024-06-21,extra,git.sr.ht,5
2024-06-21,extra,github.com,560
2024-06-21,extra,gitlab.com,2
2024-06-21,extra,total,569
2024-06-21,nixpkgs,codeberg.org,1
2024-06-21,nixpkgs,git.sr.ht,3
2024-06-21,nixpkgs,github.com,1449
2024-06-21,nixpkgs,gitlab.com,2
2024-06-21,nixpkgs,total,1455
2024-06-22,awesome-neovim,codeberg.org,2
2024-06-22,awesome-neovim,git.sr.ht,6
2024-06-22,awesome-neovim,github.com,869
2024-06-22,awesome-neovim,gitlab.com,2
2024-06-22,awesome-neovim,total,879
2024-06-22,extra,codeberg.org,2
2024-06-22,extra,git.sr.ht,5
2024-06-22,extra,github.com,558
2024-06-22,extra,gitlab.com,2
2024-06-22,extra,total,567
2024-06-22,nixpkgs,codeberg.org,1
2024-06-22,nixpkgs,git.sr.ht,3
2024-06-22,nixpkgs,github.com,1451
2024-06-22,nixpkgs,gitlab.com,2
2024-06-22,nixpkgs,total,1457
2024-06-23,awesome-neovim,codeberg.org,2
2024-06-23,awesome-neovim,git.sr.ht,6
2024-06-23,awesome-neovim,github.com,869
2024-06-23,awesome-neovim,gitlab.com,2
2024-06-23,awesome-neovim,total,879
2024-06-23,extra,codeberg.org,2
2024-06-23,extra,git.sr.ht,5
2024-06-23,extra,github.com,558
2024-06-23,extra,gitlab.com,2
2024-06-23,extra,total,567
2024-06-23,nixpkgs,codeberg.org,1
2024-06-23,nixpkgs,git.sr.ht,3
2024-06-23,nixpkgs,github.com,1451
2024-06-23,nixpkgs,gitlab.com,2
2024-06-23,nixpkgs,total,1457
2024-06-24,awesome-neovim,codeberg.org,2
2024-06-24,awesome-neovim,git.sr.ht,6
2024-06-24,awesome-neovim,github.com,870
2024-06-24,awesome-neovim,gitlab.com,2
2024-06-24,awesome-neovim,total,880
2024-06-24,extra,codeberg.org,2
2024-06-24,extra,git.sr.ht,5
2024-06-24,extra,github.com,559
2024-06-24,extra,gitlab.com,2
2024-06-24,extra,total,568
2024-06-24,nixpkgs,codeberg.org,1
2024-06-24,nixpkgs,git.sr.ht,3
2024-06-24,nixpkgs,github.com,1451
2024-06-24,nixpkgs,gitlab.com,2
2024-06-24,nixpkgs,total,1457
2024-06-25,awesome-neovim,codeberg.org,2
2024-06-25,awesome-neovim,git.sr.ht,6
2024-06-25,awesome-neovim,github.com,871
2024-06-25,awesome-neovim,gitlab.com,2
2024-06-25,awesome-neovim,total,881
2024-06-25,extra,codeberg.org,2
2024-06-25,extra,git.sr.ht,5
2024-06-25,extra,github.com,560
2024-06-25,extra,gitlab.com,2
2024-06-25,extra,total,569
2024-06-25,nixpkgs,codeberg.org,1
2024-06-25,nixpkgs,git.sr.ht,3
2024-06-25,nixpkgs,github.com,1452
2024-06-25,nixpkgs,gitlab.com,2
2024-06-25,nixpkgs,total,1458
2024-06-26,awesome-neovim,codeberg.org,2
2024-06-26,awesome-neovim,git.sr.ht,6
2024-06-26,awesome-neovim,github.com,871
2024-06-26,awesome-neovim,gitlab.com,2
2024-06-26,awesome-neovim,total,881
2024-06-26,extra,codeberg.org,2
2024-06-26,extra,git.sr.ht,5
2024-06-26,extra,github.com,561
2024-06-26,extra,gitlab.com,2
2024-06-26,extra,total,570
2024-06-26,nixpkgs,codeberg.org,1
2024-06-26,nixpkgs,git.sr.ht,3
2024-06-26,nixpkgs,github.com,1451
2024-06-26,nixpkgs,gitlab.com,2
2024-06-26,nixpkgs,total,1457
2024-06-27,awesome-neovim,codeberg.org,2
2024-06-27,awesome-neovim,git.sr.ht,6
2024-06-27,awesome-neovim,github.com,871
2024-06-27,awesome-neovim,gitlab.com,2
2024-06-27,awesome-neovim,total,881
2024-06-27,extra,codeberg.org,2
2024-06-27,extra,git.sr.ht,5
2024-06-27,extra,github.com,561
2024-06-27,extra,gitlab.com,2
2024-06-27,extra,total,570
2024-06-27,nixpkgs,codeberg.org,1
2024-06-27,nixpkgs,git.sr.ht,3
2024-06-27,nixpkgs,github.com,1451
2024-06-27,nixpkgs,gitlab.com,2
2024-06-27,nixpkgs,total,1457
2024-06-28,awesome-neovim,codeberg.org,2
2024-06-28,awesome-neovim,git.sr.ht,6
2024-06-28,awesome-neovim,github.com,871
2024-06-28,awesome-neovim,gitlab.com,2
2024-06-28,awesome-neovim,total,881
2024-06-28,extra,codeberg.org,2
2024-06-28,extra,git.sr.ht,5
2024-06-28,extra,github.com,561
2024-06-28,extra,gitlab.com,2
2024-06-28,extra,total,570
2024-06-28,nixpkgs,codeberg.org,1
2024-06-28,nixpkgs,git.sr.ht,3
2024-06-28,nixpkgs,github.com,1451
2024-06-28,nixpkgs,gitlab.com,2
2024-06-28,nixpkgs,total,1457
2024-06-29,awesome-neovim,codeberg.org,2
2024-06-29,awesome-neovim,git.sr.ht,6
2024-06-29,awesome-neovim,github.com,871
2024-06-29,awesome-neovim,gitlab.com,2
2024-06-29,awesome-neovim,total,881
2024-06-29,extra,codeberg.org,2
2024-06-29,extra,git.sr.ht,5
2024-06-29,extra,github.com,561
2024-06-29,extra,gitlab.com,2
2024-06-29,extra,total,570
2024-06-29,nixpkgs,codeberg.org,1
2024-06-29,nixpkgs,git.sr.ht,3
2024-06-29,nixpkgs,github.com,1451
2024-06-29,nixpkgs,gitlab.com,2
2024-06-29,nixpkgs,total,1457
2024-06-30,awesome-neovim,codeberg.org,2
2024-06-30,awesome-neovim,git.sr.ht,6
2024-06-30,awesome-neovim,github.com,872
2024-06-30,awesome-neovim,gitlab.com,2
2024-06-30,awesome-neovim,total,882
2024-06-30,extra,codeberg.org,2
2024-06-30,extra,git.sr.ht,5
2024-06-30,extra,github.com,562
2024-06-30,extra,gitlab.com,2
2024-06-30,extra,total,571
2024-06-30,nixpkgs,codeberg.org,1
2024-06-30,nixpkgs,git.sr.ht,3
2024-06-30,nixpkgs,github.com,1451
2024-06-30,nixpkgs,gitlab.com,2
2024-06-30,nixpkgs,total,1457
2024-07-01,awesome-neovim,codeberg.org,2
2024-07-01,awesome-neovim,git.sr.ht,6
2024-07-01,awesome-neovim,github.com,873
2024-07-01,awesome-neovim,gitlab.com,2
2024-07-01,awesome-neovim,total,883
2024-07-01,extra,codeberg.org,2
2024-07-01,extra,git.sr.ht,5
2024-07-01,extra,github.com,564
2024-07-01,extra,gitlab.com,2
2024-07-01,extra,total,573
2024-07-01,nixpkgs,codeberg.org,1
2024-07-01,nixpkgs,git.sr.ht,3
2024-07-01,nixpkgs,github.com,1451
2024-07-01,nixpkgs,gitlab.com,2
2024-07-01,nixpkgs,total,1457
2024-07-02,awesome-neovim,codeberg.org,2
2024-07-02,awesome-neovim,git.sr.ht,6
2024-07-02,awesome-neovim,github.com,875
2024-07-02,awesome-neovim,gitlab.com,2
2024-07-02,awesome-neovim,total,885
2024-07-02,extra,codeberg.org,2
2024-07-02,extra,git.sr.ht,5
2024-07-02,extra,github.com,566
2024-07-02,extra,gitlab.com,2
2024-07-02,extra,total,575
2024-07-02,nixpkgs,codeberg.org,1
2024-07-02,nixpkgs,git.sr.ht,3
2024-07-02,nixpkgs,github.com,1451
2024-07-02,nixpkgs,gitlab.com,2
2024-07-02,nixpkgs,total,1457
2024-07-03,awesome-neovim,codeberg.org,2
2024-07-03,awesome-neovim,git.sr.ht,6
2024-07-03,awesome-neovim,github.com,875
2024-07-03,awesome-neovim,gitlab.com,2
2024-07-03,awesome-neovim,total,885
2024-07-03,extra,codeberg.org,2
2024-07-03,extra,git.sr.ht,5
2024-07-03,extra,github.com,566
2024-07-03,extra,gitlab.com,2
2024-07-03,extra,total,575
2024-07-03,nixpkgs,codeberg.org,1
2024-07-03,nixpkgs,git.sr.ht,3
2024-07-03,nixpkgs,github.com,1452
2024-07-03,nixpkgs,gitlab.com,2
2024-07-03,nixpkgs,total,1458
2024-07-04,awesome-neovim,codeberg.org,2
2024-07-04,awesome-neovim,git.sr.ht,6
2024-07-04,awesome-neovim,github.com,875
2024-07-04,awesome-neovim,gitlab.com,2
2024-07-04,awesome-neovim,total,885
2024-07-04,extra,codeberg.org,2
2024-07-04,extra,git.sr.ht,5
2024-07-04,extra,github.com,566
2024-07-04,extra,gitlab.com,2
2024-07-04,extra,total,575
2024-07-04,nixpkgs,codeberg.org,1
2024-07-04,nixpkgs,git.sr.ht,3
2024-07-04,nixpkgs,github.com,1452
2024-07-04,nixpkgs,gitlab.com,2
2024-07-04,nixpkgs,total,1458
2024-07-05,awesome-neovim,codeberg.org,2
2024-07-05,awesome-neovim,git.sr.ht,6
2024-07-05,awesome-neovim,github.com,875
2024-07-05,awesome-neovim,gitlab.com,2
2024-07-05,awesome-neovim,total,885
2024-07-05,extra,codeberg.org,2
2024-07-05,extra,git.sr.ht,5
2024-07-05,extra,github.com,566
2024-07-05,extra,gitlab.com,2
2024-07-05,extra,total,575
2024-07-05,nixpkgs,codeberg.org,1
2024-07-05,nixpkgs,git.sr.ht,3
2024-07-05,nixpkgs,github.com,1453
2024-07-05,nixpkgs,gitlab.com,2
2024-07-05,nixpkgs,total,1459
2024-07-06,awesome-neovim,codeberg.org,2
2024-07-06,awesome-neovim,git.sr.ht,6
2024-07-06,awesome-neovim,github.com,875
2024-07-06,awesome-neovim,gitlab.com,2
2024-07-06,awesome-neovim,total,885
2024-07-06,extra,codeberg.org,2
2024-07-06,extra,git.sr.ht,5
2024-07-06,extra,github.com,566
2024-07-06,extra,gitlab.com,2
2024-07-06,extra,total,575
2024-07-06,nixpkgs,codeberg.org,1
2024-07-06,nixpkgs,git.sr.ht,3
2024-07-06,nixpkgs,github.com,1453
2024-07-06,nixpkgs,gitlab.com,2
2024-07-06,nixpkgs,total,1459
